Workbook

Sheet raw
A1: week | B1: platform | C1: Notional USD Volume
A2: 45390 | B2: Crypto.com | C2: 632476
A3: 45390 | B3: Kalshi | C3: 6745101
A4: 45390 | B4: Polymarket | C4: 13677032
A5: 45397 | B5: Crypto.com | C5: 441389
A6: 45397 | B6: Kalshi | C6: 7765146
A7: 45397 | B7: Polymarket | C7: 12420336
A8: 45404 | B8: Crypto.com | C8: 517707
A9: 45404 | B9: Kalshi | C9: 6137716
A10: 45404 | B10: Limitless | C10: 2503.8709
A11: 45404 | B11: Polymarket | C11: 12555815
A12: 45411 | B12: Crypto.com | C12: 470205
A13: 45411 | B13: Kalshi | C13: 6870328
... A699: 46209 | B699: Predict | C699: 89799190

Sheet pivot
A1: platform \ week | B1: 45390 | C1: 45397 | D1: 45404 | E1: 45411 | F1: 45418 | G1: 45425 | H1: 45432 | I1: 45439 | J1: 45446 | K1: 45453 | L1: 45460 | M1: 45467 | N1: 45474 | O1: 45481 | P1: 45488 | Q1: 45495 | R1: 45502 | S1: 45509 | T1: 45516 | U1: 45523 | V1: 45530 | W1: 45537 | X1: 45544 | Y1: 45551 | Z1: 45558 | AA1: 45565 | AB1: 45572 | AC1: 45579 | AD1: 45586 | AE1: 45593 | AF1: 45600 | AG1: 45607 | AH1: 45614 | AI1: 45621 | AJ1: 45628 | AK1: 45635 | AL1: 45642 | AM1: 45649 | AN1: 45656 | AO1: 45663 | AP1: 45670 | AQ1: 45677 | AR1: 45684 | AS1: 45691 | AT1: 45698 | AU1: 45705 | AV1: 45712 | AW1: 45719 | AX1: 45726 | AY1: 45733 | AZ1: 45740 | BA1: 45747 | BB1: 45754 | BC1: 45761 | BD1: 45768 | BE1: 45775 | BF1: 45782 | BG1: 45789 | BH1: 45796 | BI1: 45803 | BJ1: 45810 | BK1: 45817 | BL1: 45824 | BM1: 45831 | BN1: 45838 | BO1: 45845 | BP1: 45852 | BQ1: 45859 | BR1: 45866 | BS1: 45873 | BT1: 45880 | BU1: 45887 | BV1: 45894 | BW1: 45901 | BX1: 45908 | BY1: 45915 | BZ1: 45922 | CA1: 45929 | CB1: 45936 | CC1: 45943 | CD1: 45950 | CE1: 45957 | CF1: 45964 | CG1: 45971 | CH1: 45978 | CI1: 45985 | CJ1: 45992 | CK1: 45999 | CL1: 46006 | CM1: 46013 | CN1: 46020 | CO1: 46027 | CP1: 46034 | CQ1: 46041 | CR1: 46048 | CS1: 46055 | CT1: 46062 | CU1: 46069 | CV1: 46076 | CW1: 46083 | CX1: 46090 | CY1: 46097 | CZ1: 46104 | DA1: 46111 | DB1: 46118 | DC1: 46125 | DD1: 46132 | DE1: 46139 | DF1: 46146 | DG1: 46153 | DH1: 46160 | DI1: 46167 | DJ1: 46174 | DK1: 46181 | DL1: 46188 | DM1: 46195 | DN1: 46202 | DO1: 46209 | DP1: Total
A2: Kalshi | B2: =SUMIFS(raw!$C$2:$C$699,raw!$A$2:$A$699,B$1,raw!$B$2:$B$699,$A2) | C2: =SUMIFS(raw!$C$2:$C$699,raw!$A$2:$A$699,C$1,raw!$B$2:$B$699,$A2) | D2: =SUMIFS(raw!$C$2:$C$699,raw!$A$2:$A$699,D$1,raw!$B$2:$B$699,$A2) | E2: =SUMIFS(raw!$C$2:$C$699,raw!$A$2:$A$699,E$1,raw!$B$2:$B$699,$A2) | F2: =SUMIFS(raw!$C$2:$C$699,raw!$A$2:$A$699,F$1,raw!$B$2:$B$699,$A2) | G2: =SUMIFS(raw!$C$2:$C$699,raw!$A$2:$A$699,G$1,raw!$B$2:$B$699,$A2) | H2: =SUMIFS(raw!$C$2:$C$699,raw!$A$2:$A$699,H$1,raw!$B$2:$B$699,$A2) | I2: =SUMIFS(raw!$C$2:$C$699,raw!$A$2:$A$699,I$1,raw!$B$2:$B$699,$A2) | ... DO2: =SUMIFS(raw!$C$2:$C$699,raw!$A$2:$A$699,DO$1,raw!$B$2:$B$699,$A2) | DP2: =SUM(B2:DO2)
A3: Polymarket | B3: =SUMIFS(raw!$C$2:$C$699,raw!$A$2:$A$699,B$1,raw!$B$2:$B$699,$A3) | C3: =SUMIFS(raw!$C$2:$C$699,raw!$A$2:$A$699,C$1,raw!$B$2:$B$699,$A3) | D3: =SUMIFS(raw!$C$2:$C$699,raw!$A$2:$A$699,D$1,raw!$B$2:$B$699,$A3) | E3: =SUMIFS(raw!$C$2:$C$699,raw!$A$2:$A$699,E$1,raw!$B$2:$B$699,$A3) | F3: =SUMIFS(raw!$C$2:$C$699,raw!$A$2:$A$699,F$1,raw!$B$2:$B$699,$A3) | G3: =SUMIFS(raw!$C$2:$C$699,raw!$A$2:$A$699,G$1,raw!$B$2:$B$699,$A3) | H3: =SUMIFS(raw!$C$2:$C$699,raw!$A$2:$A$699,H$1,raw!$B$2:$B$699,$A3) | I3: =SUMIFS(raw!$C$2:$C$699,raw!$A$2:$A$699,I$1,raw!$B$2:$B$699,$A3) | ... DO3: =SUMIFS(raw!$C$2:$C$699,raw!$A$2:$A$699,DO$1,raw!$B$2:$B$699,$A3) | DP3: =SUM(B3:DO3)
A4: Opinion | B4: =SUMIFS(raw!$C$2:$C$699,raw!$A$2:$A$699,B$1,raw!$B$2:$B$699,$A4) | C4: =SUMIFS(raw!$C$2:$C$699,raw!$A$2:$A$699,C$1,raw!$B$2:$B$699,$A4) | D4: =SUMIFS(raw!$C$2:$C$699,raw!$A$2:$A$699,D$1,raw!$B$2:$B$699,$A4) | E4: =SUMIFS(raw!$C$2:$C$699,raw!$A$2:$A$699,E$1,raw!$B$2:$B$699,$A4) | F4: =SUMIFS(raw!$C$2:$C$699,raw!$A$2:$A$699,F$1,raw!$B$2:$B$699,$A4) | G4: =SUMIFS(raw!$C$2:$C$699,raw!$A$2:$A$699,G$1,raw!$B$2:$B$699,$A4) | H4: =SUMIFS(raw!$C$2:$C$699,raw!$A$2:$A$699,H$1,raw!$B$2:$B$699,$A4) | I4: =SUMIFS(raw!$C$2:$C$699,raw!$A$2:$A$699,I$1,raw!$B$2:$B$699,$A4) | ... DO4: =SUMIFS(raw!$C$2:$C$699,raw!$A$2:$A$699,DO$1,raw!$B$2:$B$699,$A4) | DP4: =SUM(B4:DO4)
A5: Polymarket (US) | B5: =SUMIFS(raw!$C$2:$C$699,raw!$A$2:$A$699,B$1,raw!$B$2:$B$699,$A5) | C5: =SUMIFS(raw!$C$2:$C$699,raw!$A$2:$A$699,C$1,raw!$B$2:$B$699,$A5) | D5: =SUMIFS(raw!$C$2:$C$699,raw!$A$2:$A$699,D$1,raw!$B$2:$B$699,$A5) | E5: =SUMIFS(raw!$C$2:$C$699,raw!$A$2:$A$699,E$1,raw!$B$2:$B$699,$A5) | F5: =SUMIFS(raw!$C$2:$C$699,raw!$A$2:$A$699,F$1,raw!$B$2:$B$699,$A5) | G5: =SUMIFS(raw!$C$2:$C$699,raw!$A$2:$A$699,G$1,raw!$B$2:$B$699,$A5) | H5: =SUMIFS(raw!$C$2:$C$699,raw!$A$2:$A$699,H$1,raw!$B$2:$B$699,$A5) | I5: =SUMIFS(raw!$C$2:$C$699,raw!$A$2:$A$699,I$1,raw!$B$2:$B$699,$A5) | ... DO5: =SUMIFS(raw!$C$2:$C$699,raw!$A$2:$A$699,DO$1,raw!$B$2:$B$699,$A5) | DP5: =SUM(B5:DO5)
A6: Limitless | B6: =SUMIFS(raw!$C$2:$C$699,raw!$A$2:$A$699,B$1,raw!$B$2:$B$699,$A6) | C6: =SUMIFS(raw!$C$2:$C$699,raw!$A$2:$A$699,C$1,raw!$B$2:$B$699,$A6) | D6: =SUMIFS(raw!$C$2:$C$699,raw!$A$2:$A$699,D$1,raw!$B$2:$B$699,$A6) | E6: =SUMIFS(raw!$C$2:$C$699,raw!$A$2:$A$699,E$1,raw!$B$2:$B$699,$A6) | F6: =SUMIFS(raw!$C$2:$C$699,raw!$A$2:$A$699,F$1,raw!$B$2:$B$699,$A6) | G6: =SUMIFS(raw!$C$2:$C$699,raw!$A$2:$A$699,G$1,raw!$B$2:$B$699,$A6) | H6: =SUMIFS(raw!$C$2:$C$699,raw!$A$2:$A$699,H$1,raw!$B$2:$B$699,$A6) | I6: =SUMIFS(raw!$C$2:$C$699,raw!$A$2:$A$699,I$1,raw!$B$2:$B$699,$A6) | ... DO6: =SUMIFS(raw!$C$2:$C$699,raw!$A$2:$A$699,DO$1,raw!$B$2:$B$699,$A6) | DP6: =SUM(B6:DO6)
A7: Crypto.com | B7: =SUMIFS(raw!$C$2:$C$699,raw!$A$2:$A$699,B$1,raw!$B$2:$B$699,$A7) | C7: =SUMIFS(raw!$C$2:$C$699,raw!$A$2:$A$699,C$1,raw!$B$2:$B$699,$A7) | D7: =SUMIFS(raw!$C$2:$C$699,raw!$A$2:$A$699,D$1,raw!$B$2:$B$699,$A7) | E7: =SUMIFS(raw!$C$2:$C$699,raw!$A$2:$A$699,E$1,raw!$B$2:$B$699,$A7) | F7: =SUMIFS(raw!$C$2:$C$699,raw!$A$2:$A$699,F$1,raw!$B$2:$B$699,$A7) | G7: =SUMIFS(raw!$C$2:$C$699,raw!$A$2:$A$699,G$1,raw!$B$2:$B$699,$A7) | H7: =SUMIFS(raw!$C$2:$C$699,raw!$A$2:$A$699,H$1,raw!$B$2:$B$699,$A7) | I7: =SUMIFS(raw!$C$2:$C$699,raw!$A$2:$A$699,I$1,raw!$B$2:$B$699,$A7) | ... DO7: =SUMIFS(raw!$C$2:$C$699,raw!$A$2:$A$699,DO$1,raw!$B$2:$B$699,$A7) | DP7: =SUM(B7:DO7)
A8: Predict | B8: =SUMIFS(raw!$C$2:$C$699,raw!$A$2:$A$699,B$1,raw!$B$2:$B$699,$A8) | C8: =SUMIFS(raw!$C$2:$C$699,raw!$A$2:$A$699,C$1,raw!$B$2:$B$699,$A8) | D8: =SUMIFS(raw!$C$2:$C$699,raw!$A$2:$A$699,D$1,raw!$B$2:$B$699,$A8) | E8: =SUMIFS(raw!$C$2:$C$699,raw!$A$2:$A$699,E$1,raw!$B$2:$B$699,$A8) | F8: =SUMIFS(raw!$C$2:$C$699,raw!$A$2:$A$699,F$1,raw!$B$2:$B$699,$A8) | G8: =SUMIFS(raw!$C$2:$C$699,raw!$A$2:$A$699,G$1,raw!$B$2:$B$699,$A8) | H8: =SUMIFS(raw!$C$2:$C$699,raw!$A$2:$A$699,H$1,raw!$B$2:$B$699,$A8) | I8: =SUMIFS(raw!$C$2:$C$699,raw!$A$2:$A$699,I$1,raw!$B$2:$B$699,$A8) | ... DO8: =SUMIFS(raw!$C$2:$C$699,raw!$A$2:$A$699,DO$1,raw!$B$2:$B$699,$A8) | DP8: =SUM(B8:DO8)
A9: Other | B9: =SUMIFS(raw!$C$2:$C$699,raw!$A$2:$A$699,B$1,raw!$B$2:$B$699,$A9) | C9: =SUMIFS(raw!$C$2:$C$699,raw!$A$2:$A$699,C$1,raw!$B$2:$B$699,$A9) | D9: =SUMIFS(raw!$C$2:$C$699,raw!$A$2:$A$699,D$1,raw!$B$2:$B$699,$A9) | E9: =SUMIFS(raw!$C$2:$C$699,raw!$A$2:$A$699,E$1,raw!$B$2:$B$699,$A9) | F9: =SUMIFS(raw!$C$2:$C$699,raw!$A$2:$A$699,F$1,raw!$B$2:$B$699,$A9) | G9: =SUMIFS(raw!$C$2:$C$699,raw!$A$2:$A$699,G$1,raw!$B$2:$B$699,$A9) | H9: =SUMIFS(raw!$C$2:$C$699,raw!$A$2:$A$699,H$1,raw!$B$2:$B$699,$A9) | I9: =SUMIFS(raw!$C$2:$C$699,raw!$A$2:$A$699,I$1,raw!$B$2:$B$699,$A9) | ... DO9: =SUMIFS(raw!$C$2:$C$699,raw!$A$2:$A$699,DO$1,raw!$B$2:$B$699,$A9) | DP9: =SUM(B9:DO9)
A10: Hyperliquid | B10: =SUMIFS(raw!$C$2:$C$699,raw!$A$2:$A$699,B$1,raw!$B$2:$B$699,$A10) | C10: =SUMIFS(raw!$C$2:$C$699,raw!$A$2:$A$699,C$1,raw!$B$2:$B$699,$A10) | D10: =SUMIFS(raw!$C$2:$C$699,raw!$A$2:$A$699,D$1,raw!$B$2:$B$699,$A10) | E10: =SUMIFS(raw!$C$2:$C$699,raw!$A$2:$A$699,E$1,raw!$B$2:$B$699,$A10) | F10: =SUMIFS(raw!$C$2:$C$699,raw!$A$2:$A$699,F$1,raw!$B$2:$B$699,$A10) | G10: =SUMIFS(raw!$C$2:$C$699,raw!$A$2:$A$699,G$1,raw!$B$2:$B$699,$A10) | H10: =SUMIFS(raw!$C$2:$C$699,raw!$A$2:$A$699,H$1,raw!$B$2:$B$699,$A10) | I10: =SUMIFS(raw!$C$2:$C$699,raw!$A$2:$A$699,I$1,raw!$B$2:$B$699,$A10) | ... DO10: =SUMIFS(raw!$C$2:$C$699,raw!$A$2:$A$699,DO$1,raw!$B$2:$B$699,$A10) | DP10: =SUM(B10:DO10)
A11: Total | B11: =SUM(B2:B10) | C11: =SUM(C2:C10) | D11: =SUM(D2:D10) | E11: =SUM(E2:E10) | F11: =SUM(F2:F10) | G11: =SUM(G2:G10) | H11: =SUM(H2:H10) | I11: =SUM(I2:I10) | ... DO11: =SUM(DO2:DO10) | DP11: =SUM(B11:DO11)
